time,latitude,longitude,elevation
2009-03-21 13:51:49 +0000,35.903879,-82.789588,809.087000
2009-03-21 13:52:28 +0000,35.903888,-82.789585,808.125000
2009-03-21 13:52:48 +0000,35.903889,-82.789590,808.125000
2009-03-21 13:53:14 +0000,35.903890,-82.789571,808.606000
2009-03-21 13:53:56 +0000,35.903880,-82.789512,807.645000
2009-03-21 13:54:28 +0000,35.903884,-82.789500,808.125000
2009-03-21 13:54:33 +0000,35.903914,-82.789453,807.164000
2009-03-21 13:54:47 +0000,35.904037,-82.789446,807.164000
2009-03-21 13:54:49 +0000,35.904058,-82.789443,808.125000
2009-03-21 13:55:07 +0000,35.904239,-82.789442,808.606000
2009-03-21 13:55:25 +0000,35.904423,-82.789476,810.048000
2009-03-21 13:55:39 +0000,35.904521,-82.789476,811.490000
2009-03-21 13:55:49 +0000,35.904675,-82.789536,813.413000
2009-03-21 13:55:59 +0000,35.904818,-82.789551,814.374000
2009-03-21 13:56:08 +0000,35.904914,-82.789512,815.335000
2009-03-21 13:56:22 +0000,35.905009,-82.789483,815.335000
2009-03-21 13:56:32 +0000,35.905137,-82.789475,816.777000
2009-03-21 13:56:38 +0000,35.905176,-82.789481,818.700000
2009-03-21 13:56:49 +0000,35.905266,-82.789522,817.739000
2009-03-21 13:57:02 +0000,35.905374,-82.789553,818.219000
2009-03-21 13:57:12 +0000,35.905478,-82.789602,819.181000
2009-03-21 13:57:24 +0000,35.905599,-82.789690,820.623000
2009-03-21 13:57:40 +0000,35.905784,-82.789735,820.623000
2009-03-21 13:57:55 +0000,35.905910,-82.789669,820.142000
2009-03-21 13:58:03 +0000,35.905967,-82.789610,820.142000
2009-03-21 13:58:11 +0000,35.906046,-82.789557,820.623000
2009-03-21 13:58:29 +0000,35.906223,-82.789343,820.142000
2009-03-21 13:58:47 +0000,35.906283,-82.789137,820.142000
2009-03-21 13:58:54 +0000,35.906285,-82.789060,820.142000
2009-03-21 13:59:09 +0000,35.906357,-82.788905,819.661000
2009-03-21 13:59:15 +0000,35.906415,-82.788849,818.700000
2009-03-21 13:59:26 +0000,35.906437,-82.788628,817.739000
2009-03-21 13:59:41 +0000,35.906515,-82.788351,815.816000
2009-03-21 13:59:54 +0000,35.906523,-82.788244,813.413000
2009-03-21 14:00:07 +0000,35.906512,-82.788151,812.451000
2009-03-21 14:00:20 +0000,35.906540,-82.788033,812.451000
2009-03-21 14:00:31 +0000,35.906557,-82.787904,811.971000
2009-03-21 14:00:45 +0000,35.906561,-82.787680,811.971000
2009-03-21 14:01:34 +0000,35.906616,-82.787394,812.932000
2009-03-21 14:01:50 +0000,35.906557,-82.787282,812.451000
2009-03-21 14:02:10 +0000,35.906389,-82.787057,811.490000
2009-03-21 14:02:25 +0000,35.906371,-82.786920,811.009000
2009-03-21 14:02:27 +0000,35.906390,-82.786900,810.529000
2009-03-21 14:02:43 +0000,35.906612,-82.786783,810.529000
2009-03-21 14:02:59 +0000,35.906671,-82.786427,810.048000
2009-03-21 14:03:16 +0000,35.906656,-82.786188,810.048000
2009-03-21 14:03:34 +0000,35.906706,-82.786030,809.087000
2009-03-21 14:03:41 +0000,35.906735,-82.785961,809.567000
2009-03-21 14:03:58 +0000,35.906802,-82.785720,809.087000
2009-03-21 14:04:07 +0000,35.906871,-82.785628,808.125000
2009-03-21 14:04:20 +0000,35.906997,-82.785508,807.645000
2009-03-21 14:04:24 +0000,35.907052,-82.785483,807.645000
2009-03-21 14:04:40 +0000,35.907178,-82.785352,807.645000
2009-03-21 14:04:58 +0000,35.907287,-82.785098,808.606000
2009-03-21 14:05:16 +0000,35.907327,-82.784812,808.125000
2009-03-21 14:05:34 +0000,35.907276,-82.784618,808.606000
2009-03-21 14:05:48 +0000,35.907248,-82.784455,807.645000
2009-03-21 14:05:51 +0000,35.907280,-82.784426,807.164000
2009-03-21 14:06:07 +0000,35.907482,-82.784382,808.125000
2009-03-21 14:06:22 +0000,35.907601,-82.784221,809.087000
2009-03-21 14:06:41 +0000,35.907656,-82.783852,807.164000
2009-03-21 14:06:55 +0000,35.907699,-82.783697,806.683000
2009-03-21 14:07:05 +0000,35.907668,-82.783584,806.683000
2009-03-21 14:07:24 +0000,35.907600,-82.783357,808.606000
2009-03-21 14:07:40 +0000,35.907430,-82.783119,808.125000
2009-03-21 14:07:55 +0000,35.907252,-82.782915,806.683000
2009-03-21 14:08:07 +0000,35.907190,-82.782729,806.203000
2009-03-21 14:08:10 +0000,35.907214,-82.782713,806.203000
2009-03-21 14:08:26 +0000,35.907443,-82.782692,808.606000
2009-03-21 14:08:42 +0000,35.907638,-82.782683,811.490000
2009-03-21 14:08:55 +0000,35.907786,-82.782615,812.932000
2009-03-21 14:09:12 +0000,35.907890,-82.782442,813.413000
2009-03-21 14:09:15 +0000,35.907909,-82.782411,813.413000
2009-03-21 14:09:30 +0000,35.908096,-82.782294,814.374000
2009-03-21 14:09:45 +0000,35.908229,-82.782129,814.374000
2009-03-21 14:09:57 +0000,35.908297,-82.781966,814.374000
2009-03-21 14:10:12 +0000,35.908444,-82.781794,814.374000
2009-03-21 14:10:16 +0000,35.908463,-82.781700,814.374000
2009-03-21 14:10:32 +0000,35.908502,-82.781485,813.893000
2009-03-21 14:10:47 +0000,35.908531,-82.781358,812.451000
2009-03-21 14:11:03 +0000,35.908577,-82.781172,811.971000
2009-03-21 14:11:18 +0000,35.908588,-82.780983,811.971000
2009-03-21 14:11:36 +0000,35.908592,-82.780780,811.009000
2009-03-21 14:11:49 +0000,35.908506,-82.780626,811.009000
2009-03-21 14:11:55 +0000,35.908407,-82.780533,810.048000
2009-03-21 14:12:04 +0000,35.908376,-82.780381,811.490000
2009-03-21 14:12:22 +0000,35.908439,-82.779966,812.932000
2009-03-21 14:12:26 +0000,35.908453,-82.779876,813.413000
2009-03-21 14:12:41 +0000,35.908461,-82.779570,814.374000
2009-03-21 14:12:55 +0000,35.908445,-82.779408,815.816000
2009-03-21 14:13:11 +0000,35.908353,-82.779229,814.374000
2009-03-21 14:13:25 +0000,35.908379,-82.779068,814.374000
2009-03-21 14:13:29 +0000,35.908415,-82.779019,814.374000
2009-03-21 14:13:48 +0000,35.908482,-82.778751,814.374000
2009-03-21 14:14:02 +0000,35.908420,-82.778595,813.893000
2009-03-21 14:14:14 +0000,35.908469,-82.778475,814.855000
2009-03-21 14:14:30 +0000,35.908629,-82.778265,814.855000
2009-03-21 14:14:46 +0000,35.908693,-82.778017,813.893000
2009-03-21 14:15:07 +0000,35.908747,-82.777629,814.855000
2009-03-21 14:15:22 +0000,35.908732,-82.777458,814.374000
2009-03-21 14:15:31 +0000,35.908758,-82.777353,813.413000
2009-03-21 14:15:46 +0000,35.908851,-82.777071,813.413000
2009-03-21 14:16:02 +0000,35.909015,-82.776853,811.971000
2009-03-21 14:16:20 +0000,35.909129,-82.776537,810.048000
2009-03-21 14:16:36 +0000,35.909156,-82.776391,808.606000
2009-03-21 14:16:53 +0000,35.909216,-82.776210,809.087000
2009-03-21 14:17:11 +0000,35.909295,-82.776028,808.606000
2009-03-21 14:17:19 +0000,35.909352,-82.775909,808.125000
2009-03-21 14:17:35 +0000,35.909464,-82.775681,808.606000
2009-03-21 14:17:46 +0000,35.909554,-82.775530,809.087000
2009-03-21 14:18:03 +0000,35.909778,-82.775364,807.645000
2009-03-21 14:18:25 +0000,35.909882,-82.775037,806.203000
2009-03-21 14:18:40 +0000,35.909879,-82.774905,805.241000
2009-03-21 14:18:57 +0000,35.909823,-82.774757,805.241000
2009-03-21 14:19:07 +0000,35.909838,-82.774668,804.280000
2009-03-21 14:19:22 +0000,35.909964,-82.774457,803.800000
2009-03-21 14:19:39 +0000,35.910139,-82.774192,803.800000
2009-03-21 14:19:58 +0000,35.910280,-82.773896,801.877000
2009-03-21 14:20:13 +0000,35.910298,-82.773735,801.877000
2009-03-21 14:20:31 +0000,35.910210,-82.773571,801.396000
2009-03-21 14:20:48 +0000,35.910160,-82.773394,800.916000
2009-03-21 14:21:05 +0000,35.910213,-82.773135,801.877000
2009-03-21 14:21:24 +0000,35.910262,-82.772844,799.954000
2009-03-21 14:21:43 +0000,35.910314,-82.772590,798.512000
2009-03-21 14:22:01 +0000,35.910295,-82.772415,798.512000
2009-03-21 14:22:19 +0000,35.910287,-82.772242,797.070000
2009-03-21 14:22:35 +0000,35.910280,-82.772036,796.590000
2009-03-21 14:22:53 +0000,35.910293,-82.771948,795.628000
2009-03-21 14:23:18 +0000,35.910289,-82.771823,795.147000
2009-03-21 14:23:37 +0000,35.910296,-82.771753,793.706000
2009-03-21 14:23:55 +0000,35.910302,-82.771631,793.225000
2009-03-21 14:24:13 +0000,35.910202,-82.771421,793.225000
2009-03-21 14:24:29 +0000,35.910090,-82.771300,792.744000
2009-03-21 14:24:48 +0000,35.909890,-82.771213,793.225000
2009-03-21 14:25:04 +0000,35.909772,-82.771131,793.225000
2009-03-21 14:25:17 +0000,35.909723,-82.771042,793.706000
2009-03-21 14:25:32 +0000,35.909701,-82.771072,796.590000
2009-03-21 14:25:49 +0000,35.909675,-82.771144,798.993000
2009-03-21 14:26:11 +0000,35.909633,-82.771120,798.512000
2009-03-21 14:27:23 +0000,35.909618,-82.771076,796.590000
2009-03-21 14:28:39 +0000,35.909594,-82.771093,796.109000
2009-03-21 14:29:47 +0000,35.909538,-82.771074,795.628000
2009-03-21 14:30:27 +0000,35.909506,-82.771066,795.147000
2009-03-21 14:30:56 +0000,35.909595,-82.771155,795.147000
2009-03-21 14:31:46 +0000,35.909576,-82.771180,794.186000
2009-03-21 14:32:00 +0000,35.909635,-82.771091,792.264000
2009-03-21 14:32:17 +0000,35.909690,-82.770953,789.380000
2009-03-21 14:32:31 +0000,35.909569,-82.770930,788.418000
2009-03-21 14:32:46 +0000,35.909436,-82.771068,787.938000
2009-03-21 14:32:55 +0000,35.909368,-82.771153,786.015000
2009-03-21 14:33:00 +0000,35.909335,-82.771198,785.534000
2009-03-21 14:33:16 +0000,35.909184,-82.771291,785.054000
2009-03-21 14:33:32 +0000,35.908988,-82.771342,786.015000
2009-03-21 14:33:50 +0000,35.908800,-82.771524,783.612000
2009-03-21 14:33:55 +0000,35.908750,-82.771578,783.131000
2009-03-21 14:34:08 +0000,35.908700,-82.771738,781.689000
2009-03-21 14:34:19 +0000,35.908615,-82.771816,779.766000
2009-03-21 14:34:33 +0000,35.908442,-82.771791,780.247000
2009-03-21 14:34:40 +0000,35.908375,-82.771776,780.247000
2009-03-21 14:34:52 +0000,35.908228,-82.771817,778.805000
2009-03-21 14:35:09 +0000,35.908059,-82.771970,778.324000
2009-03-21 14:35:21 +0000,35.907923,-82.772088,777.844000
2009-03-21 14:35:33 +0000,35.907858,-82.772231,776.883000
2009-03-21 14:35:37 +0000,35.907833,-82.772273,776.402000
2009-03-21 14:35:44 +0000,35.907784,-82.772329,774.960000
2009-03-21 14:35:46 +0000,35.907765,-82.772334,775.440000
2009-03-21 14:35:53 +0000,35.907689,-82.772395,773.518000
2009-03-21 14:36:06 +0000,35.907537,-82.772376,773.999000
2009-03-21 14:36:22 +0000,35.907354,-82.772313,772.076000
2009-03-21 14:36:34 +0000,35.907242,-82.772382,771.115000
2009-03-21 14:36:44 +0000,35.907137,-82.772447,769.673000
2009-03-21 14:36:59 +0000,35.906967,-82.772442,768.231000
2009-03-21 14:37:15 +0000,35.906776,-82.772362,767.270000
2009-03-21 14:37:18 +0000,35.906743,-82.772365,767.270000
2009-03-21 14:37:27 +0000,35.906641,-82.772406,766.308000
2009-03-21 14:37:44 +0000,35.906604,-82.772670,764.385000
2009-03-21 14:38:04 +0000,35.906610,-82.772933,763.424000
2009-03-21 14:38:25 +0000,35.906574,-82.773244,761.021000
2009-03-21 14:38:44 +0000,35.906620,-82.773494,761.021000
2009-03-21 14:39:05 +0000,35.906772,-82.773681,759.579000
2009-03-21 14:39:18 +0000,35.906855,-82.773828,759.579000
2009-03-21 14:39:35 +0000,35.906935,-82.774088,759.098000
2009-03-21 14:39:36 +0000,35.906937,-82.774105,759.579000
2009-03-21 14:39:53 +0000,35.906817,-82.774343,759.098000
2009-03-21 14:40:12 +0000,35.906619,-82.774619,757.656000
2009-03-21 14:40:34 +0000,35.906459,-82.774838,755.253000
2009-03-21 14:40:49 +0000,35.906428,-82.775031,754.772000
2009-03-21 14:41:07 +0000,35.906395,-82.775275,754.292000
2009-03-21 14:41:21 +0000,35.906290,-82.775445,754.772000
2009-03-21 14:41:32 +0000,35.906224,-82.775579,752.369000
2009-03-21 14:41:48 +0000,35.906085,-82.775683,750.927000
2009-03-21 14:42:06 +0000,35.905883,-82.775647,750.447000
2009-03-21 14:42:14 +0000,35.905811,-82.775666,749.966000
2009-03-21 14:42:29 +0000,35.905643,-82.775711,749.485000
2009-03-21 14:42:45 +0000,35.905467,-82.775622,748.524000
2009-03-21 14:43:01 +0000,35.905299,-82.775559,748.043000
2009-03-21 14:43:21 +0000,35.905081,-82.775441,745.640000
2009-03-21 14:43:22 +0000,35.905069,-82.775436,745.159000
2009-03-21 14:43:41 +0000,35.904825,-82.775415,743.717000
2009-03-21 14:43:58 +0000,35.904688,-82.775575,742.275000
2009-03-21 14:44:16 +0000,35.904628,-82.775818,741.314000
2009-03-21 14:44:32 +0000,35.904482,-82.775968,740.833000
2009-03-21 14:44:48 +0000,35.904306,-82.775909,739.872000
2009-03-21 14:44:52 +0000,35.904264,-82.775908,738.911000
2009-03-21 14:45:11 +0000,35.904059,-82.776043,737.949000
2009-03-21 14:45:27 +0000,35.903980,-82.776139,737.949000
2009-03-21 14:46:01 +0000,35.903963,-82.776160,737.949000
2009-03-21 14:46:30 +0000,35.903948,-82.776209,737.949000
2009-03-21 14:46:51 +0000,35.903973,-82.776186,735.546000
2009-03-21 14:47:07 +0000,35.903947,-82.776209,736.988000
2009-03-21 14:47:26 +0000,35.903891,-82.776423,735.546000
2009-03-21 14:47:42 +0000,35.903851,-82.776604,734.585000
2009-03-21 14:47:58 +0000,35.903797,-82.776850,735.546000
2009-03-21 14:48:15 +0000,35.903813,-82.777100,735.546000
2009-03-21 14:48:21 +0000,35.903855,-82.777164,735.065000
2009-03-21 14:48:37 +0000,35.903947,-82.777346,733.623000
2009-03-21 14:48:53 +0000,35.903963,-82.777595,736.027000
2009-03-21 14:49:08 +0000,35.903991,-82.777812,735.065000
2009-03-21 14:49:25 +0000,35.904078,-82.778021,733.623000
2009-03-21 14:49:30 +0000,35.904079,-82.778087,734.104000
2009-03-21 14:49:32 +0000,35.904091,-82.778119,734.104000
2009-03-21 14:49:35 +0000,35.904092,-82.778161,734.104000
2009-03-21 14:49:38 +0000,35.904086,-82.778202,733.143000
2009-03-21 14:49:44 +0000,35.904063,-82.778276,733.623000
2009-03-21 14:49:58 +0000,35.903877,-82.778302,734.585000
2009-03-21 14:50:10 +0000,35.903795,-82.778324,732.662000
2009-03-21 14:50:23 +0000,35.903755,-82.778175,731.700000
2009-03-21 14:50:29 +0000,35.903745,-82.778097,732.181000
2009-03-21 14:50:47 +0000,35.903602,-82.777946,730.739000
2009-03-21 14:51:05 +0000,35.903414,-82.777775,728.817000
2009-03-21 14:51:09 +0000,35.903370,-82.777738,727.375000
2009-03-21 14:51:17 +0000,35.903292,-82.777674,726.894000
2009-03-21 14:51:24 +0000,35.903221,-82.777640,725.933000
2009-03-21 14:51:39 +0000,35.903051,-82.777635,724.491000
2009-03-21 14:51:49 +0000,35.902951,-82.777677,724.010000
2009-03-21 14:52:07 +0000,35.902890,-82.777908,723.049000
2009-03-21 14:52:19 +0000,35.902931,-82.778044,722.568000
2009-03-21 14:52:26 +0000,35.902942,-82.778136,722.568000
2009-03-21 14:52:34 +0000,35.902961,-82.778252,723.049000
2009-03-21 14:52:47 +0000,35.903018,-82.778411,722.568000
2009-03-21 14:52:53 +0000,35.902994,-82.778493,722.087000
2009-03-21 14:52:56 +0000,35.902968,-82.778537,722.087000
2009-03-21 14:53:14 +0000,35.902743,-82.778709,722.568000
2009-03-21 14:53:22 +0000,35.902657,-82.778810,723.049000
2009-03-21 14:53:29 +0000,35.902616,-82.778921,722.568000
2009-03-21 14:53:41 +0000,35.902540,-82.779065,722.568000
2009-03-21 14:53:59 +0000,35.902355,-82.779118,723.530000
2009-03-21 14:54:05 +0000,35.902301,-82.779117,723.049000
2009-03-21 14:54:22 +0000,35.902201,-82.779091,722.087000
2009-03-21 14:54:29 +0000,35.902162,-82.779030,722.087000
2009-03-21 14:54:34 +0000,35.902149,-82.778974,721.607000
2009-03-21 14:54:48 +0000,35.902058,-82.778839,721.126000
2009-03-21 14:55:00 +0000,35.901927,-82.778734,720.165000
2009-03-21 14:55:10 +0000,35.901832,-82.778616,718.242000
2009-03-21 14:55:18 +0000,35.901781,-82.778522,717.761000
2009-03-21 14:55:32 +0000,35.901669,-82.778376,717.281000
2009-03-21 14:55:46 +0000,35.901556,-82.778336,715.839000
2009-03-21 14:55:51 +0000,35.901527,-82.778359,714.877000
2009-03-21 14:56:01 +0000,35.901470,-82.778446,714.877000
2009-03-21 14:56:15 +0000,35.901440,-82.778621,714.397000
2009-03-21 14:56:29 +0000,35.901421,-82.778815,714.397000
2009-03-21 14:56:44 +0000,35.901275,-82.778874,713.916000
2009-03-21 14:57:00 +0000,35.901099,-82.778816,713.916000
2009-03-21 14:57:15 +0000,35.900915,-82.778789,712.955000
2009-03-21 14:57:22 +0000,35.900831,-82.778769,712.955000
2009-03-21 14:57:24 +0000,35.900813,-82.778758,712.955000
2009-03-21 14:57:37 +0000,35.900719,-82.778797,713.436000
2009-03-21 14:57:54 +0000,35.900635,-82.778907,713.436000
2009-03-21 14:58:32 +0000,35.900634,-82.778861,714.397000
2009-03-21 14:59:13 +0000,35.900632,-82.778860,713.436000
2009-03-21 14:59:28 +0000,35.900572,-82.779014,712.474000
2009-03-21 14:59:31 +0000,35.900571,-82.779048,711.513000
2009-03-21 14:59:48 +0000,35.900647,-82.779242,710.071000
2009-03-21 15:00:04 +0000,35.900745,-82.779377,708.629000
2009-03-21 15:00:20 +0000,35.900854,-82.779520,706.706000
2009-03-21 15:00:35 +0000,35.900923,-82.779747,706.706000
2009-03-21 15:00:48 +0000,35.900962,-82.779944,704.784000
2009-03-21 15:00:58 +0000,35.900876,-82.780081,704.303000
2009-03-21 15:01:00 +0000,35.900855,-82.780094,704.303000
2009-03-21 15:01:04 +0000,35.900799,-82.780097,704.303000
2009-03-21 15:01:21 +0000,35.900659,-82.780172,702.861000
2009-03-21 15:01:38 +0000,35.900501,-82.780230,701.419000
2009-03-21 15:01:40 +0000,35.900487,-82.780240,701.900000
2009-03-21 15:01:53 +0000,35.900457,-82.780350,700.938000
2009-03-21 15:02:08 +0000,35.900453,-82.780419,699.977000
2009-03-21 15:02:24 +0000,35.900554,-82.780558,699.496000
2009-03-21 15:02:30 +0000,35.900560,-82.780659,699.016000
2009-03-21 15:02:46 +0000,35.900458,-82.780850,699.496000
2009-03-21 15:02:51 +0000,35.900436,-82.780915,699.496000
2009-03-21 15:03:06 +0000,35.900433,-82.781135,696.613000
2009-03-21 15:03:14 +0000,35.900423,-82.781251,696.613000
2009-03-21 15:03:19 +0000,35.900382,-82.781320,697.093000
2009-03-21 15:03:25 +0000,35.900330,-82.781399,697.574000
2009-03-21 15:03:40 +0000,35.900168,-82.781547,697.574000
2009-03-21 15:03:54 +0000,35.899963,-82.781545,698.054000
2009-03-21 15:04:09 +0000,35.899819,-82.781530,695.651000
2009-03-21 15:04:23 +0000,35.899701,-82.781584,694.209000
2009-03-21 15:04:25 +0000,35.899689,-82.781601,694.690000
2009-03-21 15:04:42 +0000,35.899652,-82.781784,693.248000
2009-03-21 15:04:44 +0000,35.899650,-82.781806,693.729000
2009-03-21 15:04:50 +0000,35.899648,-82.781879,692.767000
2009-03-21 15:05:01 +0000,35.899584,-82.781999,692.287000
2009-03-21 15:05:18 +0000,35.899344,-82.782006,691.806000
2009-03-21 15:05:35 +0000,35.899153,-82.781951,691.325000
2009-03-21 15:05:50 +0000,35.899054,-82.782005,690.844000
2009-03-21 15:05:53 +0000,35.899039,-82.782035,690.364000
2009-03-21 15:05:58 +0000,35.899028,-82.782080,689.883000
2009-03-21 15:06:02 +0000,35.899029,-82.782117,688.922000
2009-03-21 15:06:19 +0000,35.899055,-82.782311,686.519000
2009-03-21 15:06:23 +0000,35.899045,-82.782369,686.519000
2009-03-21 15:06:37 +0000,35.898948,-82.782500,686.038000
2009-03-21 15:06:51 +0000,35.898759,-82.782549,685.077000
2009-03-21 15:07:06 +0000,35.898582,-82.782544,685.077000
2009-03-21 15:07:37 +0000,35.898541,-82.782528,685.077000
2009-03-21 15:08:53 +0000,35.898540,-82.782553,686.038000
2009-03-21 15:09:19 +0000,35.898515,-82.782557,685.077000
2009-03-21 15:09:51 +0000,35.898458,-82.782638,685.557000
2009-03-21 15:10:27 +0000,35.898499,-82.782573,686.038000
2009-03-21 15:10:49 +0000,35.898404,-82.782559,684.115000
2009-03-21 15:11:03 +0000,35.898286,-82.782571,683.154000
2009-03-21 15:11:18 +0000,35.898179,-82.782645,681.712000
2009-03-21 15:11:33 +0000,35.898132,-82.782769,679.789000
2009-03-21 15:11:46 +0000,35.898149,-82.782884,678.828000
2009-03-21 15:11:55 +0000,35.898188,-82.782943,678.828000
2009-03-21 15:12:11 +0000,35.898307,-82.783048,678.828000
2009-03-21 15:12:25 +0000,35.898423,-82.783166,679.789000
2009-03-21 15:12:41 +0000,35.898552,-82.783350,682.673000
2009-03-21 15:12:55 +0000,35.898594,-82.783501,683.154000
2009-03-21 15:13:03 +0000,35.898560,-82.783597,683.635000
2009-03-21 15:13:21 +0000,35.898451,-82.783761,684.115000
2009-03-21 15:13:30 +0000,35.898447,-82.783868,683.154000
2009-03-21 15:13:46 +0000,35.898465,-82.784100,681.231000
2009-03-21 15:14:03 +0000,35.898544,-82.784309,678.828000
2009-03-21 15:14:16 +0000,35.898592,-82.784444,679.309000
2009-03-21 15:14:23 +0000,35.898600,-82.784498,681.231000
2009-03-21 15:14:39 +0000,35.898372,-82.784570,682.673000
2009-03-21 15:14:47 +0000,35.898246,-82.784594,682.193000
2009-03-21 15:15:03 +0000,35.897964,-82.784614,681.231000
2009-03-21 15:15:22 +0000,35.897816,-82.784539,680.751000
2009-03-21 15:15:37 +0000,35.897821,-82.784645,682.673000
2009-03-21 15:15:49 +0000,35.897791,-82.784786,683.154000
2009-03-21 15:16:03 +0000,35.897737,-82.784945,683.635000
2009-03-21 15:16:20 +0000,35.897702,-82.785130,685.077000
2009-03-21 15:16:37 +0000,35.897644,-82.785323,686.519000
2009-03-21 15:16:39 +0000,35.897641,-82.785351,686.519000
2009-03-21 15:17:02 +0000,35.897714,-82.785681,687.480000
2009-03-21 15:17:18 +0000,35.897780,-82.785874,688.441000
2009-03-21 15:17:35 +0000,35.897847,-82.786094,690.364000
2009-03-21 15:17:52 +0000,35.897922,-82.786339,691.806000
2009-03-21 15:18:03 +0000,35.897974,-82.786494,691.325000
2009-03-21 15:18:18 +0000,35.898024,-82.786626,691.325000
2009-03-21 15:18:31 +0000,35.897915,-82.786685,691.806000
2009-03-21 15:18:43 +0000,35.897866,-82.786766,692.287000
2009-03-21 15:19:01 +0000,35.897802,-82.787007,693.729000
2009-03-21 15:19:04 +0000,35.897787,-82.787025,694.209000
2009-03-21 15:19:18 +0000,35.897816,-82.787151,694.690000
2009-03-21 15:19:36 +0000,35.897959,-82.787404,694.690000
2009-03-21 15:19:53 +0000,35.897937,-82.787578,695.651000
2009-03-21 15:20:09 +0000,35.897841,-82.787721,696.613000
2009-03-21 15:20:26 +0000,35.897806,-82.787847,697.093000
2009-03-21 15:20:45 +0000,35.897870,-82.788116,698.054000
2009-03-21 15:21:02 +0000,35.897888,-82.788335,699.016000
2009-03-21 15:21:18 +0000,35.897936,-82.788555,699.016000
2009-03-21 15:21:32 +0000,35.897938,-82.788723,699.016000
2009-03-21 15:21:47 +0000,35.897862,-82.788837,699.016000
2009-03-21 15:22:02 +0000,35.897729,-82.788922,699.016000
2009-03-21 15:22:24 +0000,35.897668,-82.788945,699.977000
2009-03-21 15:22:40 +0000,35.897564,-82.788987,699.496000
2009-03-21 15:22:52 +0000,35.897488,-82.788956,700.458000
2009-03-21 15:23:07 +0000,35.897402,-82.788862,699.496000
2009-03-21 15:23:20 +0000,35.897324,-82.788744,699.977000
2009-03-21 15:23:32 +0000,35.897215,-82.788640,699.016000
2009-03-21 15:23:35 +0000,35.897205,-82.788584,699.016000
2009-03-21 15:23:48 +0000,35.897126,-82.788414,699.016000
2009-03-21 15:23:50 +0000,35.897121,-82.788384,699.496000
2009-03-21 15:24:03 +0000,35.897010,-82.788143,699.496000
2009-03-21 15:24:16 +0000,35.896939,-82.787928,699.496000
2009-03-21 15:24:28 +0000,35.896903,-82.787749,698.054000
2009-03-21 15:24:30 +0000,35.896892,-82.787737,698.535000
2009-03-21 15:24:46 +0000,35.896921,-82.787369,699.496000
2009-03-21 15:24:58 +0000,35.897016,-82.787195,698.535000
2009-03-21 15:25:10 +0000,35.897104,-82.787031,698.535000
2009-03-21 15:25:19 +0000,35.897038,-82.786919,698.535000
2009-03-21 15:25:25 +0000,35.896843,-82.786880,698.535000
2009-03-21 15:25:41 +0000,35.896691,-82.786814,696.613000
2009-03-21 15:25:53 +0000,35.896602,-82.786742,697.574000
2009-03-21 15:26:07 +0000,35.896585,-82.786572,698.535000
2009-03-21 15:26:16 +0000,35.896598,-82.786426,698.535000
2009-03-21 15:26:34 +0000,35.896702,-82.786098,699.977000
2009-03-21 15:26:41 +0000,35.896702,-82.786037,700.938000
2009-03-21 15:26:56 +0000,35.896594,-82.785901,702.861000
2009-03-21 15:27:06 +0000,35.896505,-82.785836,700.938000
2009-03-21 15:27:17 +0000,35.896463,-82.785723,699.977000
2009-03-21 15:27:29 +0000,35.896380,-82.785592,699.496000
2009-03-21 15:27:40 +0000,35.896326,-82.785405,699.977000
2009-03-21 15:27:50 +0000,35.896266,-82.785278,700.458000
2009-03-21 15:28:04 +0000,35.896235,-82.785030,702.861000
2009-03-21 15:28:17 +0000,35.896101,-82.784971,700.938000
2009-03-21 15:28:40 +0000,35.895976,-82.784973,700.458000
2009-03-21 15:28:52 +0000,35.895912,-82.785069,700.938000
2009-03-21 15:29:05 +0000,35.895856,-82.785191,702.380000
2009-03-21 15:29:16 +0000,35.895799,-82.785302,702.861000
2009-03-21 15:29:28 +0000,35.895719,-82.785429,703.342000
2009-03-21 15:29:43 +0000,35.895589,-82.785557,703.823000
2009-03-21 15:29:59 +0000,35.895571,-82.785725,704.303000
2009-03-21 15:30:17 +0000,35.895426,-82.785857,703.823000
2009-03-21 15:30:29 +0000,35.895332,-82.785984,704.303000
2009-03-21 15:30:44 +0000,35.895314,-82.786192,703.823000
2009-03-21 15:31:00 +0000,35.895214,-82.786332,702.380000
2009-03-21 15:31:04 +0000,35.895184,-82.786344,700.938000
2009-03-21 15:31:25 +0000,35.895027,-82.786500,699.016000
2009-03-21 15:31:42 +0000,35.894669,-82.786547,697.574000
2009-03-21 15:31:56 +0000,35.894532,-82.786467,697.093000
2009-03-21 15:32:12 +0000,35.894441,-82.786483,696.132000
2009-03-21 15:32:33 +0000,35.894320,-82.786599,696.613000
2009-03-21 15:33:10 +0000,35.894133,-82.786691,696.613000
2009-03-21 15:33:58 +0000,35.893931,-82.786803,698.054000
2009-03-21 15:34:01 +0000,35.893871,-82.786824,697.574000
2009-03-21 15:34:16 +0000,35.893796,-82.786912,696.613000
2009-03-21 15:34:26 +0000,35.893738,-82.787039,696.613000
2009-03-21 15:34:46 +0000,35.893776,-82.787299,696.613000
2009-03-21 15:34:58 +0000,35.893836,-82.787396,697.093000
2009-03-21 15:35:13 +0000,35.893949,-82.787623,697.093000
2009-03-21 15:35:27 +0000,35.894012,-82.787768,696.132000
2009-03-21 15:35:45 +0000,35.893899,-82.787913,696.613000
2009-03-21 15:36:02 +0000,35.893702,-82.787968,697.093000
2009-03-21 15:36:50 +0000,35.893600,-82.787869,697.574000
2009-03-21 15:37:31 +0000,35.893555,-82.787924,698.054000
2009-03-21 15:37:54 +0000,35.893448,-82.787953,699.496000
2009-03-21 15:38:23 +0000,35.893577,-82.787980,701.419000
2009-03-21 15:38:45 +0000,35.893674,-82.787951,701.900000
2009-03-21 15:39:10 +0000,35.893744,-82.787985,702.380000
2009-03-21 15:39:50 +0000,35.893854,-82.788064,702.861000
2009-03-21 15:40:09 +0000,35.893746,-82.788125,703.342000
2009-03-21 15:40:31 +0000,35.893805,-82.788130,703.823000
2009-03-21 15:40:45 +0000,35.893830,-82.788152,703.342000
2009-03-21 15:41:00 +0000,35.893784,-82.788207,703.823000
2009-03-21 15:41:16 +0000,35.893814,-82.788306,707.187000
2009-03-21 15:41:28 +0000,35.893880,-82.788421,707.668000
2009-03-21 15:41:42 +0000,35.893954,-82.788545,709.590000
2009-03-21 15:41:54 +0000,35.893964,-82.788625,711.513000
2009-03-21 15:42:07 +0000,35.894014,-82.788749,712.955000
2009-03-21 15:42:19 +0000,35.894059,-82.788816,714.397000
2009-03-21 15:42:35 +0000,35.894074,-82.788729,716.320000
2009-03-21 15:42:47 +0000,35.894082,-82.788712,717.761000
2009-03-21 15:42:57 +0000,35.894113,-82.788695,717.761000
2009-03-21 15:43:17 +0000,35.894162,-82.788733,720.165000
2009-03-21 15:43:32 +0000,35.894157,-82.788611,720.165000
2009-03-21 15:43:43 +0000,35.894145,-82.788509,720.646000
2009-03-21 15:43:58 +0000,35.894142,-82.788346,720.165000
2009-03-21 15:44:19 +0000,35.894254,-82.788069,721.126000
2009-03-21 15:44:31 +0000,35.894344,-82.787949,721.607000
2009-03-21 15:44:44 +0000,35.894458,-82.787893,722.568000
2009-03-21 15:44:58 +0000,35.894590,-82.787869,722.568000
2009-03-21 15:45:12 +0000,35.894625,-82.787853,723.049000
2009-03-21 15:45:26 +0000,35.894650,-82.787741,724.010000
2009-03-21 15:45:38 +0000,35.894657,-82.787661,724.971000
2009-03-21 15:45:53 +0000,35.894658,-82.787483,725.933000
2009-03-21 15:46:09 +0000,35.894725,-82.787283,727.375000
2009-03-21 15:46:25 +0000,35.894838,-82.787212,728.336000
2009-03-21 15:46:42 +0000,35.894969,-82.787257,729.778000
2009-03-21 15:46:56 +0000,35.895076,-82.787336,730.259000
2009-03-21 15:47:11 +0000,35.895135,-82.787290,732.181000
2009-03-21 15:47:24 +0000,35.895136,-82.787237,732.662000
2009-03-21 15:47:37 +0000,35.895191,-82.787111,732.181000
2009-03-21 15:47:52 +0000,35.895328,-82.786985,732.181000
2009-03-21 15:48:09 +0000,35.895476,-82.786868,733.623000
2009-03-21 15:48:24 +0000,35.895597,-82.786784,735.065000
2009-03-21 15:48:36 +0000,35.895669,-82.786852,736.988000
2009-03-21 15:48:51 +0000,35.895726,-82.786993,737.949000
2009-03-21 15:48:56 +0000,35.895742,-82.787029,739.391000
2009-03-21 15:49:11 +0000,35.895777,-82.787144,741.314000
2009-03-21 15:49:28 +0000,35.895699,-82.787279,741.794000
2009-03-21 15:49:41 +0000,35.895634,-82.787378,742.756000
2009-03-21 15:49:55 +0000,35.895600,-82.787490,743.717000
2009-03-21 15:50:10 +0000,35.895617,-82.787646,745.159000
2009-03-21 15:50:26 +0000,35.895670,-82.787833,746.120000
2009-03-21 15:50:42 +0000,35.895679,-82.787995,748.043000
2009-03-21 15:50:59 +0000,35.895695,-82.788103,749.485000
2009-03-21 15:51:42 +0000,35.895628,-82.788161,749.485000
2009-03-21 15:52:09 +0000,35.895629,-82.788253,748.524000
2009-03-21 15:52:20 +0000,35.895669,-82.788380,748.524000
2009-03-21 15:52:34 +0000,35.895733,-82.788514,748.043000
2009-03-21 15:52:36 +0000,35.895743,-82.788530,747.082000
2009-03-21 15:53:13 +0000,35.895767,-82.788565,747.082000
2009-03-21 15:53:24 +0000,35.895803,-82.788678,745.640000
2009-03-21 15:53:36 +0000,35.895895,-82.788782,744.198000
2009-03-21 15:53:47 +0000,35.895955,-82.788881,744.678000
2009-03-21 15:54:01 +0000,35.896050,-82.789012,742.756000
2009-03-21 15:54:13 +0000,35.896145,-82.789107,741.314000
2009-03-21 15:54:25 +0000,35.896253,-82.789194,740.353000
2009-03-21 15:54:34 +0000,35.896329,-82.789250,738.911000
2009-03-21 15:54:47 +0000,35.896432,-82.789303,738.430000
2009-03-21 15:55:14 +0000,35.896578,-82.789475,735.065000
2009-03-21 15:55:26 +0000,35.896644,-82.789569,733.143000
2009-03-21 15:55:37 +0000,35.896714,-82.789661,733.143000
2009-03-21 15:55:49 +0000,35.896777,-82.789781,732.662000
2009-03-21 15:56:05 +0000,35.896875,-82.789951,732.662000
2009-03-21 15:56:22 +0000,35.896983,-82.789993,732.181000
2009-03-21 15:56:35 +0000,35.897114,-82.790009,732.662000
2009-03-21 15:56:55 +0000,35.897289,-82.790074,732.662000
2009-03-21 15:57:11 +0000,35.897382,-82.790223,732.662000
2009-03-21 15:57:24 +0000,35.897448,-82.790314,734.104000
2009-03-21 15:57:38 +0000,35.897549,-82.790315,735.546000
2009-03-21 15:57:50 +0000,35.897626,-82.790218,736.027000
2009-03-21 15:58:00 +0000,35.897697,-82.790152,736.027000
2009-03-21 15:58:15 +0000,35.897835,-82.790106,736.988000
2009-03-21 15:58:27 +0000,35.897896,-82.790144,738.430000
2009-03-21 15:58:44 +0000,35.897957,-82.790195,740.353000
2009-03-21 15:58:56 +0000,35.897958,-82.790235,742.756000
2009-03-21 15:59:11 +0000,35.898018,-82.790327,745.159000
2009-03-21 15:59:27 +0000,35.898047,-82.790455,747.082000
2009-03-21 15:59:38 +0000,35.898067,-82.790560,747.562000
2009-03-21 15:59:54 +0000,35.898112,-82.790703,748.524000
2009-03-21 16:00:10 +0000,35.898146,-82.790826,749.485000
2009-03-21 16:00:23 +0000,35.898213,-82.790939,750.927000
2009-03-21 16:00:33 +0000,35.898261,-82.791009,751.408000
2009-03-21 16:00:46 +0000,35.898323,-82.791101,753.811000
2009-03-21 16:01:01 +0000,35.898391,-82.791195,754.292000
2009-03-21 16:01:08 +0000,35.898427,-82.791243,754.292000
2009-03-21 16:01:20 +0000,35.898519,-82.791349,754.292000
2009-03-21 16:01:34 +0000,35.898658,-82.791512,753.811000
2009-03-21 16:01:45 +0000,35.898732,-82.791604,754.292000
2009-03-21 16:02:09 +0000,35.898873,-82.791824,754.292000
2009-03-21 16:02:22 +0000,35.898933,-82.791963,755.253000
2009-03-21 16:02:46 +0000,35.899106,-82.792104,754.772000
2009-03-21 16:02:50 +0000,35.899102,-82.792050,754.292000
2009-03-21 16:02:54 +0000,35.899092,-82.791962,754.292000
2009-03-21 16:03:05 +0000,35.899081,-82.791755,754.772000
2009-03-21 16:03:20 +0000,35.899152,-82.791619,756.214000
2009-03-21 16:03:37 +0000,35.899300,-82.791647,756.214000
2009-03-21 16:03:56 +0000,35.899446,-82.791804,758.137000
2009-03-21 16:04:08 +0000,35.899490,-82.791913,758.617000
2009-03-21 16:04:22 +0000,35.899485,-82.792050,761.501000
2009-03-21 16:04:33 +0000,35.899500,-82.792166,762.463000
2009-03-21 16:04:44 +0000,35.899548,-82.792260,762.463000
2009-03-21 16:04:58 +0000,35.899643,-82.792166,763.905000
2009-03-21 16:05:09 +0000,35.899743,-82.792177,764.385000
2009-03-21 16:05:37 +0000,35.899953,-82.792236,764.866000
2009-03-21 16:06:03 +0000,35.900195,-82.792299,764.866000
2009-03-21 16:06:17 +0000,35.900309,-82.792323,763.424000
2009-03-21 16:06:33 +0000,35.900421,-82.792195,763.424000
2009-03-21 16:06:46 +0000,35.900509,-82.792075,764.385000
2009-03-21 16:06:58 +0000,35.900592,-82.791985,764.866000
2009-03-21 16:07:09 +0000,35.900663,-82.791905,765.828000
2009-03-21 16:07:28 +0000,35.900775,-82.791883,768.711000
2009-03-21 16:08:00 +0000,35.900729,-82.791861,769.192000
2009-03-21 16:08:33 +0000,35.900623,-82.792163,768.231000
2009-03-21 16:09:05 +0000,35.900603,-82.791815,766.789000
2009-03-21 16:09:19 +0000,35.900597,-82.791824,766.789000
2009-03-21 16:09:54 +0000,35.900613,-82.792053,767.270000
2009-03-21 16:11:06 +0000,35.900750,-82.791834,766.789000
2009-03-21 16:11:22 +0000,35.900828,-82.791482,766.789000
2009-03-21 16:11:33 +0000,35.900867,-82.791439,766.789000
2009-03-21 16:11:49 +0000,35.900881,-82.791350,766.789000
2009-03-21 16:11:58 +0000,35.900883,-82.791209,767.750000
2009-03-21 16:12:10 +0000,35.900935,-82.791089,768.231000
2009-03-21 16:12:23 +0000,35.901040,-82.791013,768.231000
2009-03-21 16:12:39 +0000,35.901170,-82.791023,770.153000
2009-03-21 16:12:53 +0000,35.901293,-82.791035,770.634000
2009-03-21 16:13:11 +0000,35.901385,-82.790952,771.595000
2009-03-21 16:13:24 +0000,35.901372,-82.790849,772.076000
2009-03-21 16:13:39 +0000,35.901390,-82.790677,774.960000
2009-03-21 16:13:43 +0000,35.901409,-82.790647,775.921000
2009-03-21 16:13:58 +0000,35.901474,-82.790594,779.286000
2009-03-21 16:14:16 +0000,35.901578,-82.790508,781.689000
2009-03-21 16:14:36 +0000,35.901663,-82.790395,783.131000
2009-03-21 16:14:52 +0000,35.901731,-82.790348,785.054000
2009-03-21 16:15:09 +0000,35.901804,-82.790329,786.496000
2009-03-21 16:15:25 +0000,35.901851,-82.790331,785.534000
2009-03-21 16:16:01 +0000,35.901824,-82.790299,785.054000
2009-03-21 16:16:35 +0000,35.901835,-82.790399,785.534000
2009-03-21 16:16:44 +0000,35.901883,-82.790493,786.015000
2009-03-21 16:17:02 +0000,35.901993,-82.790659,787.457000
2009-03-21 16:17:21 +0000,35.902103,-82.790820,789.380000
2009-03-21 16:17:35 +0000,35.902182,-82.790931,792.744000
2009-03-21 16:17:59 +0000,35.902326,-82.791116,794.186000
2009-03-21 16:18:04 +0000,35.902368,-82.791142,795.147000
2009-03-21 16:18:23 +0000,35.902537,-82.791215,796.590000
2009-03-21 16:18:24 +0000,35.902546,-82.791217,796.590000
2009-03-21 16:18:43 +0000,35.902719,-82.791278,797.551000
2009-03-21 16:19:04 +0000,35.902923,-82.791297,799.474000
2009-03-21 16:19:28 +0000,35.903113,-82.791134,800.435000
2009-03-21 16:19:31 +0000,35.903122,-82.791100,800.435000
2009-03-21 16:19:45 +0000,35.903160,-82.790957,801.877000
2009-03-21 16:20:05 +0000,35.903227,-82.790725,800.435000
2009-03-21 16:20:24 +0000,35.903314,-82.790545,800.435000
2009-03-21 16:20:41 +0000,35.903344,-82.790550,800.435000
2009-03-21 16:21:25 +0000,35.903337,-82.790527,802.357000
2009-03-21 16:21:50 +0000,35.903341,-82.790521,801.396000
2009-03-21 16:22:11 +0000,35.903323,-82.790513,800.435000
2009-03-21 16:22:46 +0000,35.903306,-82.790489,799.474000
2009-03-21 16:23:03 +0000,35.903352,-82.790317,800.435000
2009-03-21 16:23:19 +0000,35.903444,-82.790157,800.916000
2009-03-21 16:23:37 +0000,35.903574,-82.790132,802.838000
2009-03-21 16:23:53 +0000,35.903627,-82.790009,803.800000
2009-03-21 16:24:13 +0000,35.903673,-82.789860,805.722000
2009-03-21 16:24:24 +0000,35.903695,-82.789774,807.164000
2009-03-21 16:24:45 +0000,35.903773,-82.789593,808.125000
2009-03-21 16:25:03 +0000,35.903893,-82.789562,808.606000
2009-03-21 16:25:30 +0000,35.903878,-82.789544,809.087000
2009-03-21 16:25:43 +0000,35.903874,-82.789540,811.009000
2009-03-21 16:25:45 +0000,35.903873,-82.789539,808.606000
2009-03-21 16:25:49 +0000,35.903872,-82.789538,812.451000
2009-03-21 16:25:50 +0000,35.903872,-82.789538,809.567000
2009-03-21 16:26:02 +0000,35.903871,-82.789534,806.203000
2009-03-21 16:26:06 +0000,35.903871,-82.789534,811.490000
2009-03-21 16:26:07 +0000,35.903870,-82.789534,807.164000
2009-03-21 16:26:16 +0000,35.903869,-82.789535,805.241000